,Links
0,https://www.yesstyle.com/en/kose-maihada-skin-moisture-uv-essence-spf-35-pa-40g/info.html/pid.1111620592
1,https://www.yesstyle.com/en/isehan-kiss-me-mommy-uv-aqua-milk-spf-50-pa-50g/info.html/pid.1058331261
2,https://www.yesstyle.com/en/neogen-surmedic-azulene-mild-uv-tone-up-sun-primer-50ml/info.html/pid.1092052818
3,https://www.yesstyle.com/en/kanebo-allie-gel-uv-ex-spf-50-pa-90g/info.html/pid.1110928814
4,https://www.yesstyle.com/en/kao-biore-uv-athlizm-skin-protect-milk-spf-50-pa-65ml/info.html/pid.1071367602
5,https://www.yesstyle.com/en/iwlt-protective-sun-base-correcting-primer-40ml/info.html/pid.1086392828
6,https://www.yesstyle.com/en/muji-sensitive-skin-suncreen-spf-27-pa-150ml/info.html/pid.1069004925
7,https://www.yesstyle.com/en/im-meme-purple-cotton-tone-control-sun-base-40ml/info.html/pid.1112114457
8,https://www.yesstyle.com/en/candydoll-bright-pure-cream-lavender-spf-50-pa-80g/info.html/pid.1112933682
9,https://www.yesstyle.com/en/sofnon-tsaio-cica-tinted-mineral-sunscreen-spf-35-pa-50ml/info.html/pid.1104182701
10,https://www.yesstyle.com/en/nivea-japan-sun-protect-water-milk-mild-spf-50-pa-30ml/info.html/pid.1099798105
11,https://www.yesstyle.com/en/jigott-uv-sun-block-spf-50-pa-70ml-2-types/info.html/pid.1075338426
12,https://www.yesstyle.com/en/elroel-pang-pang-yellow-sun-cushion-15g/info.html/pid.1112707693
13,https://www.yesstyle.com/en/beauty-by-earth-tinted-facial-sunscreen-spf-20-natural-beige-59-15ml/info.html/pid.1110040973
14,https://www.yesstyle.com/en/paul-joe-sunprotection-body-primer-shimmer-spf-30-pa-80g/info.html/pid.1108842815
15,https://www.yesstyle.com/en/o-hui-day-shield-perfect-sun-black-special-set-4-pcs/info.html/pid.1105963356
16,https://www.yesstyle.com/en/dr-g-green-mild-up-sun-stick-20g/info.html/pid.1112642528
17,https://www.yesstyle.com/en/kanebo-allie-beauty-tone-up-uv-spf-50-pa-60g-4-types-04-sakura-pink/info.html/pid.1110928809
18,https://www.yesstyle.com/en/dewytree-urban-shade-cover-fit-sun-special-kit-1-set/info.html/pid.1111349084
19,https://www.yesstyle.com/en/farm-stay-vita-care-sun-stick-22g/info.html/pid.1103823763
20,https://www.yesstyle.com/en/vt-cica-sun-primer-tone-up-cream-40ml/info.html/pid.1108073299
21,https://www.yesstyle.com/en/sofina-uv-resister-rich-cream-spf-50-pa-30g/info.html/pid.1087825416
22,https://www.yesstyle.com/en/shiseido-wetforce-clear-suncare-stick-spf-50-pa-20g/info.html/pid.1103196739
23,https://www.yesstyle.com/en/skinfood-tomato-tone-up-sun-cream-40ml/info.html/pid.1094847880
24,https://www.yesstyle.com/en/omi-verdio-uv-moisture-gel-n-spf-50-pa-220g-220g/info.html/pid.1112218675
25,https://www.yesstyle.com/en/shiseido-uno-all-in-one-uv-perfection-gel-spf-30-pa-80g/info.html/pid.1070439015
26,https://www.yesstyle.com/en/nivea-japan-sun-water-gel-spf-35-pa-140g-140g/info.html/pid.1099798065
27,https://www.yesstyle.com/en/fiole-fascinato-sun-protect-uv-milk-spf-28-pa-50ml/info.html/pid.1092980985
28,https://www.yesstyle.com/en/hyggee-real-sun-cream-50ml/info.html/pid.1102433444
29,https://www.yesstyle.com/en/hyggee-relief-sun-moisturizer-50ml/info.html/pid.1107753358
30,https://www.yesstyle.com/en/apieu-super-air-fit-mild-sunscreen-matte-50ml/info.html/pid.1094981354
31,https://www.yesstyle.com/en/kose-suncut-light-up-uv-essence-sunblock-spf-50-pa-80g/info.html/pid.1111794016
32,https://www.yesstyle.com/en/avajar-activity-uv-protection-sun-patch-set-6g-x-4-pcs/info.html/pid.1106912434
33,https://www.yesstyle.com/en/pola-whitissimo-uv-block-shield-white-spf-50-pa-50ml/info.html/pid.1076178347
34,https://www.yesstyle.com/en/abib-heartleaf-sun-essence-calming-drop-50ml/info.html/pid.1101111303
35,https://www.yesstyle.com/en/b-lab-matcha-hydrating-real-sun-screen-50ml/info.html/pid.1107579605
36,https://www.yesstyle.com/en/espoir-water-splash-sun-cream-60ml/info.html/pid.1078003861
37,https://www.yesstyle.com/en/farm-stay-collagen-water-full-moist-sun-cream-50g/info.html/pid.1106386765
38,https://www.yesstyle.com/en/axis-y-complete-no-stress-physical-sunscreen-50ml/info.html/pid.1088119893
39,https://www.yesstyle.com/en/one-thing-centella-moisturizing-sunscreen-50ml/info.html/pid.1112285787
40,https://www.yesstyle.com/en/elroel-pano-big-sun-cushion-uv-shield-tennis-edition-25g/info.html/pid.1107331324
41,https://www.yesstyle.com/en/chifure-uv-sun-veil-cream-waterproof-spf-30-pa-50g/info.html/pid.1111813127
42,https://www.yesstyle.com/en/sulwhasoo-uv-wise-brightening-multi-protector-mini-2-colors-02-milky/info.html/pid.1088219123
43,https://www.yesstyle.com/en/dr-ceuracle-pro-balance-biotics-clear-up-sun-50ml/info.html/pid.1100807310
44,https://www.yesstyle.com/en/ktw-aqua-daily-sun-cream-35ml/info.html/pid.1109485434
45,https://www.yesstyle.com/en/rohto-mentholatum-hada-labo-koi-gokujyun-uv-white-gel-spf-50-pa-90g/info.html/pid.1054928061
46,https://www.yesstyle.com/en/thank-you-farmer-sun-project-light-sun-essence-spf50-pa-40ml-40ml/info.html/pid.1054921954
47,https://www.yesstyle.com/en/ishizawa-lab-shigaisen-yohou-non-chemical-uv-gel-sensitive-skin-spf/info.html/pid.1073880449
48,https://www.yesstyle.com/en/holika-holika-aloe-waterproof-sun-cream-70ml/info.html/pid.1103143034
49,https://www.yesstyle.com/en/ishizawa-lab-shigaisen-yohou-uv-gel-spf-30-pa-250g/info.html/pid.1073880444
50,https://www.yesstyle.com/en/kyoto-komachi-created-by-ibc-washizuku-uv-hightlight-spf-35-pa-30g/info.html/pid.1102376552
51,https://www.yesstyle.com/en/macqueen-uv-daily-suncream-spf50-pa-30ml-30ml/info.html/pid.1052771054
52,https://www.yesstyle.com/en/pestlo-saferecipe-sun-essence-mini-15ml/info.html/pid.1099289648
53,https://www.yesstyle.com/en/kose-fortune-uv-primer-spf-50-pa-30ml-2-types-cover/info.html/pid.1095493950
54,https://www.yesstyle.com/en/phymongshe-ultra-hydro-sun-essence-50ml/info.html/pid.1086643065
55,https://www.yesstyle.com/en/dhc-sun-block-spf-25-pa-30g/info.html/pid.1107577124
56,https://www.yesstyle.com/en/nivea-sun-protect-refresh-sun-lotion-spf-50-pa-75ml/info.html/pid.1111811133
57,https://www.yesstyle.com/en/bonajour-daily-mild-sun-perfect-shield-35ml/info.html/pid.1076257147
58,https://www.yesstyle.com/en/shiseido-wetforce-perfect-uv-protector-spf-50-pa-50ml/info.html/pid.1103502484
59,https://www.yesstyle.com/en/rohto-mentholatum-skin-aqua-uv-super-moisture-gel-spf-50-pa-140g-140g/info.html/pid.1088081516
60,https://www.yesstyle.com/en/make-p-rem-uv-defense-me-daily-sun-essence-50ml/info.html/pid.1103878161
61,https://www.yesstyle.com/en/koh-gen-do-aqua-foundation-spf-25-pa-30ml-7-types-parent/info.html/pid.1087121817
62,https://www.yesstyle.com/en/sun-smile-pure-smile-choosy-day-lip-spf-15-pa-10ml-2-types/info.html/pid.1076761817
63,https://www.yesstyle.com/en/elroel-pang-pang-mini-sun-uv-shield-8g/info.html/pid.1106358977
64,https://www.yesstyle.com/en/shiseido-uv-lip-color-splash-spf-35-pa-4-types-parent/info.html/pid.1077351524
65,https://www.yesstyle.com/en/apieu-pure-block-natural-daily-sun-cream-spf45-pa-50ml-new-version/info.html/pid.1053951184
66,https://www.yesstyle.com/en/nivea-japan-sun-water-gel-spf-35-pa-refill-125g/info.html/pid.1099798067
67,https://www.yesstyle.com/en/kose-suncut-prodefense-whitening-uv-sunscreen-essecne-spf-50-pa-90g/info.html/pid.1100031871
68,https://www.yesstyle.com/en/nivea-sun-protect-dry-touch-sun-spray-spf-30-200ml/info.html/pid.1091636316
69,https://www.yesstyle.com/en/coxir-ceramide-daily-uv-sun-block-80ml/info.html/pid.1086222946
70,https://www.yesstyle.com/en/cathy-doll-l-glutathione-magic-cream-spf-50-pa-138ml/info.html/pid.1097437442
71,https://www.yesstyle.com/en/tonymoly-the-green-tea-truebiome-watery-sun-lotion-70ml/info.html/pid.1106363379
72,https://www.yesstyle.com/en/bellflower-carrot-mild-sunscreen-50ml/info.html/pid.1091839038
73,https://www.yesstyle.com/en/nature-republic-california-aloe-fresh-powdery-sun-stick-new-24g/info.html/pid.1065416536
74,https://www.yesstyle.com/en/nella-white-snow-brightening-fermented-tone-up-sun-cream-50g/info.html/pid.1086984366
75,https://www.yesstyle.com/en/make-p-rem-uv-defense-me-calming-tone-up-sun-cream-50ml/info.html/pid.1102106885
76,https://www.yesstyle.com/en/the-skin-house-uv-protection-sun-block-long-lasting-30ml/info.html/pid.1086547120
77,https://www.yesstyle.com/en/rohto-mentholatum-skin-aqua-uv-super-moisture-gel-spf-50-pa-110g-110g/info.html/pid.1088081515
78,https://www.yesstyle.com/en/dr-select-uv-cream-spf-50-pa-30g/info.html/pid.1099538036
79,https://www.yesstyle.com/en/dr-jart-every-sun-day-tone-up-sun-fluid-30ml/info.html/pid.1104896166
80,https://www.yesstyle.com/en/imunny-safe-uv-protect-sun-cream-set-2-pcs/info.html/pid.1101197615
81,https://www.yesstyle.com/en/whamisa-organic-flowers-sun-cream-intense-60g/info.html/pid.1099934562
82,https://www.yesstyle.com/en/kose-dr-phil-cosmetics-x-barrier-skin-protect-uv-cream-spf-50-pa-50g/info.html/pid.1102152103
83,https://www.yesstyle.com/en/white-formula-uv-protective-lotion-with-hyaluronic-acid-spf-50-pa/info.html/pid.1104239185
84,https://www.yesstyle.com/en/apieu-super-air-fit-mild-sunscreen-daily-50ml/info.html/pid.1094981350
85,https://www.yesstyle.com/en/toun-28-organic-hev-blue-light-uv-protector-2-types-b2-oily-skin/info.html/pid.1086359335
86,https://www.yesstyle.com/en/nature-republic-california-aloe-daily-sun-block-new-57ml/info.html/pid.1060252079
87,https://www.yesstyle.com/en/astalift-perfect-uv-protector-spf-50-pa-30g/info.html/pid.1073986331
88,https://www.yesstyle.com/en/astalift-prefect-uv-protector-spf-35-pa-30g/info.html/pid.1073986332
89,https://www.yesstyle.com/en/beauty-of-joseon-relief-sun-50ml/info.html/pid.1107744417
90,https://www.yesstyle.com/en/hanyul-white-chrysanthemum-radiance-sun-cream-spf50-pa-70ml-70ml/info.html/pid.1065387979
91,https://www.yesstyle.com/en/kao-biore-uv-aqua-rich-watery-essence-spf-50-pa-botanical-peony-edition/info.html/pid.1111926566
92,https://www.yesstyle.com/en/lagom-cellus-sun-gel-plus-40ml/info.html/pid.1112185975
93,https://www.yesstyle.com/en/kose-suncut-uv-mild-care-milky-gel-spf-50-pa-80g/info.html/pid.1073346180
94,https://www.yesstyle.com/en/the-saem-eco-earth-waterproof-sun-cream-50g/info.html/pid.1090299654
95,https://www.yesstyle.com/en/purito-daily-go-to-sunscreen-60ml/info.html/pid.1105368525
96,https://www.yesstyle.com/en/shiseido-anessa-moisture-uv-sunscreen-mild-milk-a-spf-35-pa-60ml/info.html/pid.1088196662
97,https://www.yesstyle.com/en/frudia-tone-up-base-sun-cream-50g/info.html/pid.1090168539
98,https://www.yesstyle.com/en/missha-safe-block-rx-cover-tone-up-sun-cushion-14g/info.html/pid.1104513885
99,https://www.yesstyle.com/en/swanicoco-daily-uv-shield-sun-stick-20g/info.html/pid.1100306889
100,https://www.yesstyle.com/en/holika-holika-less-on-skin-redness-calming-cica-sun-stick-14g/info.html/pid.1073936707
101,https://www.yesstyle.com/en/artois-la-tulipe-sun-essence-50ml/info.html/pid.1109726869
102,https://www.yesstyle.com/en/esfolio-blue-flower-sun-cream-50g/info.html/pid.1074130720
103,https://www.yesstyle.com/en/cs12-miracle-glow-tone-up-sun-cushion-spf-30-pa-16g-ivory-pink-7/info.html/pid.1100778536
104,https://www.yesstyle.com/en/frudia-avocado-greenery-relief-sun-cream-50g/info.html/pid.1112033152
105,https://www.yesstyle.com/en/matsuyama-hadahug-sunscreen-cream-spf-22-pa-70g/info.html/pid.1109636955
106,https://www.yesstyle.com/en/tirtir-off-the-sun-mild-fluid-50ml/info.html/pid.1087504435
107,https://www.yesstyle.com/en/astalift-d-uv-clear-aqua-day-serum-spf-50-pa-30g/info.html/pid.1101714497
108,https://www.yesstyle.com/en/your-brand-foremast-on-the-field-sun-stick-22g/info.html/pid.1098919249
109,https://www.yesstyle.com/en/shiseido-anessa-perfect-uv-sunscreen-skincare-milk-n-spf-50-pa-trial/info.html/pid.1111164228
110,https://www.yesstyle.com/en/the-saem-snail-essential-ex-wrinkle-solution-sun-cream-40ml/info.html/pid.1109742134
111,https://www.yesstyle.com/en/face-republic-full-bloom-sun-tint-50ml/info.html/pid.1108536121
112,https://www.yesstyle.com/en/apieu-power-block-tone-up-sun-base-spf50-pa-pink-50ml-50ml/info.html/pid.1066251590
113,https://www.yesstyle.com/en/thank-you-farmer-sun-project-silky-calming-sun-stick-14g/info.html/pid.1106584439
114,https://www.yesstyle.com/en/su-m37-sun-away-velvet-sun-stick-18g/info.html/pid.1089050372
115,https://www.yesstyle.com/en/javin-de-seoul-wink-sun-base-50ml/info.html/pid.1105328613
116,https://www.yesstyle.com/en/peripera-milk-blur-tone-up-cream-5-colors-02-velvet/info.html/pid.1089269468
117,https://www.yesstyle.com/en/banobagi-milk-thistle-repair-sunscreen-plus-50ml/info.html/pid.1104742017
118,https://www.yesstyle.com/en/skin-watchers-uv-success-sunscreen-spf50-pa-50ml-50ml/info.html/pid.1061283315
119,https://www.yesstyle.com/en/enprani-daily-sun-block-70ml/info.html/pid.1100872396
120,https://www.yesstyle.com/en/tosowoong-sos-spot-whitening-vita-clinic-vitamin-sun-stick-spf50-pa/info.html/pid.1061743675
121,https://www.yesstyle.com/en/muji-whitening-sunscreen-milk-spf-31-pa-150ml/info.html/pid.1075360107
122,https://www.yesstyle.com/en/whomee-aging-care-uv-cut-gel-150g/info.html/pid.1112024393
123,https://www.yesstyle.com/en/shiseido-anessa-brightening-uv-sunscreen-gel-n-spf-50-pa-2022-edition/info.html/pid.1111164232
124,https://www.yesstyle.com/en/elroel-pang-pang-yellow-big-sun-cushion-refill-only-25g/info.html/pid.1112707692
125,https://www.yesstyle.com/en/kose-moisture-mild-white-perfect-gel-uv-90g/info.html/pid.1095712972
126,https://www.yesstyle.com/en/etude-soon-jung-directors-mineral-sun-cream-50ml/info.html/pid.1112366655
127,https://www.yesstyle.com/en/kumano-cosme-reihaku-hatomugi-uv-milky-gel-spf-31-pa-250g-250g/info.html/pid.1067531058
128,https://www.yesstyle.com/en/pony-effect-prime-protect-sun-base-spf50-pa-50ml-50ml/info.html/pid.1062712729
129,https://www.yesstyle.com/en/the-history-of-whoo-gongjinhyang-anti-aging-sun-cushion-set-2-colors/info.html/pid.1094223258
130,https://www.yesstyle.com/en/samu-ph-sensitive-sun-cream-50ml/info.html/pid.1096470322
131,https://www.yesstyle.com/en/shiseido-aqualabel-white-protect-milk-uv-spf-30-pa-50ml-50ml/info.html/pid.1022576291
132,https://www.yesstyle.com/en/enprani-dr-hillda-moisture-sun-essence-ex-set-2-pcs/info.html/pid.1100872582
133,https://www.yesstyle.com/en/mediflower-perfect-cica-sun-cream-50ml/info.html/pid.1087072027
134,https://www.yesstyle.com/en/soon-true-shield-sunscreen-50ml/info.html/pid.1111060210
135,https://www.yesstyle.com/en/ishizawa-lab-shigaisen-yohou-non-chemical-uv-cream-whitening-spf-50/info.html/pid.1073880447
136,https://www.yesstyle.com/en/dr-plant-fresh-hydration-sunscreen-lotion-spf-50-pa-50g/info.html/pid.1101581351
137,https://www.yesstyle.com/en/meishoku-brilliant-colors-limo-limo-x-gudetama-outdoor-uv-sunscreen/info.html/pid.1090792474
138,https://www.yesstyle.com/en/dr-jart-every-sun-day-moisturizing-sun-30ml/info.html/pid.1104896164
139,https://www.yesstyle.com/en/orbis-uv-cut-sunscreen-on-face-light-spf-34-pa-28ml/info.html/pid.1059667306
140,https://www.yesstyle.com/en/make-p-rem-uv-defense-me-daily-sun-fluid-150ml/info.html/pid.1102106892
141,https://www.yesstyle.com/en/kanebo-allie-gel-uv-ex-spf-50-pa-40g/info.html/pid.1110928813
142,https://www.yesstyle.com/en/huxley-sun-cream-stay-sun-safe-spf50-pa-35ml-35ml/info.html/pid.1065514325
143,https://www.yesstyle.com/en/rohto-mentholatum-sunplay-watery-cool-sunblock-spf-75-pa-35g/info.html/pid.1039391076
144,https://www.yesstyle.com/en/nivea-sun-triple-protect-anti-wrinkle-lotion-spf-50-pa-40ml/info.html/pid.1111811134
145,https://www.yesstyle.com/en/innisfree-tone-up-no-sebum-sunscreen-ex-new-50ml/info.html/pid.1111166212
146,https://www.yesstyle.com/en/kose-sports-beauty-sun-protect-gel-spf-50-pa-90g-90g/info.html/pid.1073170823
147,https://www.yesstyle.com/en/be-the-skin-natural-base-sun-cream-50g/info.html/pid.1083324977
148,https://www.yesstyle.com/en/orbis-wrinkle-white-uv-protector-spf-50-pa-100g/info.html/pid.1112540941
149,https://www.yesstyle.com/en/frudia-ultra-uv-shield-sun-essence-50g/info.html/pid.1090168540
150,https://www.yesstyle.com/en/iwlt-protecting-base-sun-cream-50ml/info.html/pid.1086392830
151,https://www.yesstyle.com/en/the-face-shop-natural-sun-eco-super-active-sun-cream-set-2-pcs/info.html/pid.1092939388
152,https://www.yesstyle.com/en/elroel-pang-pang-big-sun-cusion-s6-refill-only-25g/info.html/pid.1112707689
153,https://www.yesstyle.com/en/kose-sekkisei-skincare-uv-tone-up-spf-30-pa-35g/info.html/pid.1105364409
154,https://www.yesstyle.com/en/9wishes-pine-treatment-sunscreen-50ml/info.html/pid.1090393073
155,https://www.yesstyle.com/en/some-by-mi-truecica-aqua-calming-sun-cream-50ml/info.html/pid.1112304909
156,https://www.yesstyle.com/en/kose-salon-style-moist-uv-hair-mist-refill-550ml-3-types/info.html/pid.1077385723
157,https://www.yesstyle.com/en/kanebo-kate-protection-uv-limited-edition-spf-50-pa-30g-soft-beige/info.html/pid.1102909182
158,https://www.yesstyle.com/en/primera-skin-relief-uv-projector-ex-50ml/info.html/pid.1104645036
159,https://www.yesstyle.com/en/shiseido-anessa-perfect-uv-sunscreen-skincare-milk-n-spf-50-pa-2022/info.html/pid.1111164229
160,https://www.yesstyle.com/en/the-saem-eco-earth-aqua-sun-stick-22g/info.html/pid.1095715643
161,https://www.yesstyle.com/en/tiam-my-signature-vita-red-sunscreen-50ml/info.html/pid.1089679352
162,https://www.yesstyle.com/en/elroel-pang-pang-sun-cushion-uv-shield-12g/info.html/pid.1107366331
163,https://www.yesstyle.com/en/kose-sekkisei-clear-wellness-uv-defense-milk-spf-50-pa-50ml/info.html/pid.1105633008
164,https://www.yesstyle.com/en/tonymoly-uv-master-kids-mum-sun-cream-45ml/info.html/pid.1075544224
165,https://www.yesstyle.com/en/farm-stay-hyaluronic-uv-shield-sun-block-cream-70g/info.html/pid.1099938616
166,https://www.yesstyle.com/en/apieu-pure-block-natural-water-proof-sun-cream-spf-50-pa-50ml-new/info.html/pid.1054377282
167,https://www.yesstyle.com/en/fiena-uv-serum-clear-veil-spf-50-pa-30g/info.html/pid.1111824124
168,https://www.yesstyle.com/en/soofe-e-phyto-birch-tree-soothing-sun-essence-50ml/info.html/pid.1090643016
169,https://www.yesstyle.com/en/kose-elsia-tone-up-uv-milk-spf-50-pa-00-coral-pink/info.html/pid.1102909177
170,https://www.yesstyle.com/en/minon-amino-moist-bright-up-base-uv-spf-47-pa-25g/info.html/pid.1056538515
171,https://www.yesstyle.com/en/make-p-rem-uv-defense-me-blue-ray-sun-gel-spf50-pa-75ml-75ml/info.html/pid.1069723722
172,https://www.yesstyle.com/en/kose-sports-beauty-sun-protect-gel-spf-50-pa-40g-40g/info.html/pid.1073170822
173,https://www.yesstyle.com/en/o-hui-the-first-geniture-sun-base-special-set-3-pcs/info.html/pid.1105963353
174,https://www.yesstyle.com/en/nella-honey-1-snail-white-moist-sun-cream-50g/info.html/pid.1098657911
175,https://www.yesstyle.com/en/sungboon-editor-pink-blossom-brightening-tone-up-sun-base-30ml/info.html/pid.1109791663
176,https://www.yesstyle.com/en/orbis-body-uv-protector-spf-50-pa-80g/info.html/pid.1105393496
177,https://www.yesstyle.com/en/white-formula-cpaqua-uv-protective-gel-with-hyaluronic-acid-spf-50/info.html/pid.1104239184
178,https://www.yesstyle.com/en/real-barrier-tone-up-sun-cream-40ml/info.html/pid.1102737945
179,https://www.yesstyle.com/en/orbis-uv-cut-sunscreen-on-face-moist-spf-34-pa-35g/info.html/pid.1059667305
180,https://www.yesstyle.com/en/the-history-of-whoo-gongjinhyang-seol-radiant-white-tone-up-sun-cushion/info.html/pid.1104706354
181,https://www.yesstyle.com/en/pretty-skin-snail-all-in-one-sun-primer-70ml/info.html/pid.1089009132
182,https://www.yesstyle.com/en/rohto-mentholatum-water-lip-gloss-balm-spf-18-pa-honey-lemon-honey/info.html/pid.1056866958
183,https://www.yesstyle.com/en/labiotte-uv-veil-moisture-sun-essence-special-set-2-pcs/info.html/pid.1074422962
184,https://www.yesstyle.com/en/rovectin-skin-essentials-aqua-soothing-uv-protector-50ml/info.html/pid.1067313175
185,https://www.yesstyle.com/en/bulk-homme-the-sunscreen-spf40-pa-40g/info.html/pid.1111890147
186,https://www.yesstyle.com/en/your-brand-geniebro-airy-fairy-sun-protector-50ml/info.html/pid.1098919281
187,https://www.yesstyle.com/en/innisfree-intensive-leisure-sun-stick-new-18g/info.html/pid.1094349235
188,https://www.yesstyle.com/en/village-11-factory-pink-calming-tone-up-sunblock-50ml/info.html/pid.1065411910
189,https://www.yesstyle.com/en/whomee-moist-uv-cream-colorless-30g/info.html/pid.1112187500
190,https://www.yesstyle.com/en/shiseido-integrate-sakura-jelly-essence-spf-14-pa-sakura/info.html/pid.1064110437
191,https://www.yesstyle.com/en/the-face-shop-natural-sun-eco-super-active-sun-cream-jumbo-80ml/info.html/pid.1107335220
192,https://www.yesstyle.com/en/acseine-super-sunshield-bright-fit-spf-50-pa-40g/info.html/pid.1094711995
193,https://www.yesstyle.com/en/trinityline-whitening-uv-milk-protection-spf-50-pa-30g/info.html/pid.1101684184
194,https://www.yesstyle.com/en/daycell-esthenique-snail-sun-cream-spf50-pa-70g-70g/info.html/pid.1057700318
195,https://www.yesstyle.com/en/the-pure-lotus-jeju-botanical-sun-cream-50ml/info.html/pid.1073136278
196,https://www.yesstyle.com/en/nivea-uv-face-sensitive-sun-allergy-protection-spf-50-pa-50ml/info.html/pid.1111811135
197,https://www.yesstyle.com/en/kose-suncut-prodefense-tone-up-uv-sunscreen-stick-spf-50-pa-20g/info.html/pid.1100031872
198,https://www.yesstyle.com/en/todays-cosme-uv-sun-balm-stick-type-spf-50-pa-15g-2-types-shine/info.html/pid.1078104427
199,https://www.yesstyle.com/en/klavuu-uv-protection-fresh-sun-gel-50ml/info.html/pid.1094376276
200,https://www.yesstyle.com/en/kose-sekkisei-clear-wellness-uv-defense-gel-spf-50-pa-70g/info.html/pid.1105633007
201,https://www.yesstyle.com/en/3w-clinic-uv-sun-block-bb-cream-spf-50-pa-50ml/info.html/pid.1066570908
202,https://www.yesstyle.com/en/isoi-pure-uv-smart-multi-protection-zinc-sunscreen-55ml/info.html/pid.1112429008
203,https://www.yesstyle.com/en/anua-airy-sun-cream-new-version-airy-sun-cream-50ml/info.html/pid.1108562379
204,https://www.yesstyle.com/en/sidmool-min-jung-gi-physical-sun-cream-50g/info.html/pid.1100124579
205,https://www.yesstyle.com/en/kose-suncut-uv-perfect-gel-super-water-proof-spf-50-pa-100g/info.html/pid.1090045452
206,https://www.yesstyle.com/en/paul-joe-suntan-body-primer-spf-6-80g/info.html/pid.1108842819
207,https://www.yesstyle.com/en/tango-suiko-hatsucure-airy-aura-protection-spf-50-pa-35g-2-types-light/info.html/pid.1101888137
208,https://www.yesstyle.com/en/paul-joe-sunprotection-body-primer-clear-spf-50-pa-80g/info.html/pid.1108842812
209,https://www.yesstyle.com/en/nivea-japan-uv-deep-protect-care-gel-spf-50-pa-80g/info.html/pid.1099655489
210,https://www.yesstyle.com/en/etude-sunprise-mild-watery-light-spf50-pa-50g-50g/info.html/pid.1045868872
211,https://www.yesstyle.com/en/cute-press-uv-expert-protection-perfect-light-spf-50-pa-15g/info.html/pid.1087017946
212,https://www.yesstyle.com/en/la-muse-sun-control-multi-balm-22g/info.html/pid.1072196329
213,https://www.yesstyle.com/en/matsuyama-hadauru-moisturizing-uv-cream-spf-30-pa-50g/info.html/pid.1075951053
214,https://www.yesstyle.com/en/beauty-of-joseon-relief-sun-double-set-50ml-x-2-pcs/info.html/pid.1112339243
215,https://www.yesstyle.com/en/bellflower-blueberry-perfect-sunscreen-50ml/info.html/pid.1103441972
216,https://www.yesstyle.com/en/dream-skin-repair-hydrating-sun-gel-spf-50-pa-50g/info.html/pid.1092512679
217,https://www.yesstyle.com/en/kose-suncut-uv-perfect-essence-super-waterproof-spf-50-pa-110g/info.html/pid.1089312149
218,https://www.yesstyle.com/en/heimish-bulgarian-rose-tone-up-sunscreen-30ml/info.html/pid.1110189296
219,https://www.yesstyle.com/en/neogence-ultra-light-daily-tinted-sunscreen-spf-50-pa-30ml/info.html/pid.1096157504
220,https://www.yesstyle.com/en/innisfree-intensive-long-lasting-sunscreen-ex-50ml/info.html/pid.1056891221
221,https://www.yesstyle.com/en/daiso-uv-cut-milk-lotion-pre-aging-care-spf-50-pa-30g/info.html/pid.1107753453
222,https://www.yesstyle.com/en/cosrx-aloe-soothing-sun-cream-50ml/info.html/pid.1052684630
223,https://www.yesstyle.com/en/vt-essence-sun-pact-spf50-pa-11g/info.html/pid.1063056887
224,https://www.yesstyle.com/en/cezanne-uv-make-keep-base-spf-28-pa-30ml/info.html/pid.1088081550
225,https://www.yesstyle.com/en/sofina-jenne-high-moisturizing-uv-emulsion-whitening-spf-50-pa-30ml/info.html/pid.1065967066
226,https://www.yesstyle.com/en/nivea-uv-face-shine-control-mattifying-effect-spf-50-pa-50ml/info.html/pid.1111811136
227,https://www.yesstyle.com/en/apieu-pure-block-aqua-sun-gel-spf50-pa-50ml-50ml/info.html/pid.1054075388
228,https://www.yesstyle.com/en/iwlt-protecting-natural-shine-tone-up-sun-cushion-25g/info.html/pid.1086392839
229,https://www.yesstyle.com/en/kose-suncut-tone-up-uv-lavender-essence-sunblock-spf-50-pa-80g/info.html/pid.1086513973
230,https://www.yesstyle.com/en/rovectin-anti-irritant-uv-defense-tinted-50ml/info.html/pid.1067313157
231,https://www.yesstyle.com/en/daycell-dr-vita-vitamin-protect-sun-stick-16g/info.html/pid.1057699964
232,https://www.yesstyle.com/en/rafra-uv-essence-spf-50-pa-30g/info.html/pid.1108906135
233,https://www.yesstyle.com/en/null-perfect-uv-protect-water-proof-high-spec-sunscreen-spf-50-pa/info.html/pid.1100234696
234,https://www.yesstyle.com/en/maxclinic-catrin-natural-100-derma-sunkill-mineral-12g/info.html/pid.1087891821
235,https://www.yesstyle.com/en/ckd-guaranteed-dr-lacto-sos-calming-sun-cream-50ml/info.html/pid.1090872981
236,https://www.yesstyle.com/en/the-history-of-whoo-gongjinhyang-mi-essential-sun-base-45ml/info.html/pid.1094223256
237,https://www.yesstyle.com/en/the-history-of-whoo-gongjinhyang-jin-hae-yoon-wrinkle-sun-cream-special/info.html/pid.1107453155
238,https://www.yesstyle.com/en/kanebo-allie-facial-gel-uv-ex-spf-50-pa-60g/info.html/pid.1110928802
239,https://www.yesstyle.com/en/may-island-7-days-secret-centella-cica-sun-cream-30ml/info.html/pid.1104829515
240,https://www.yesstyle.com/en/su-m37-sun-away-cooling-sun-cc-ex-cushion-refill-only-15g/info.html/pid.1074236059
241,https://www.yesstyle.com/en/country-stream-honey-uv-water-gel-spf-50-pa-45g/info.html/pid.1053600691
242,https://www.yesstyle.com/en/nivea-japan-sun-water-gel-spf-35-pa-80g-80g/info.html/pid.1099798064
243,https://www.yesstyle.com/en/the-face-shop-power-long-lasting-sunscreen-stick-18g/info.html/pid.1075064501
244,https://www.yesstyle.com/en/innisfree-hyaluron-moist-sunscreen-50ml/info.html/pid.1106547865
245,https://www.yesstyle.com/en/japanorganic-comfort-uv-milk-spf-50-pa-30ml-2-types-bright-beige/info.html/pid.1104936165
246,https://www.yesstyle.com/en/kose-sekkisei-clear-wellness-uv-defense-tone-up-spf-35-pa-70g/info.html/pid.1105633001
247,https://www.yesstyle.com/en/kanebo-freeplus-mild-uv-body-milk-spf-32-pa-50ml/info.html/pid.1088277228
248,https://www.yesstyle.com/en/omi-sun-bears-active-protect-cool-type-30g/info.html/pid.1112540944
249,https://www.yesstyle.com/en/kose-je-laime-relax-shampoo-n-500ml-3-types-airy-smooth/info.html/pid.1100907244
250,https://www.yesstyle.com/en/karadium-collagen-smart-sun-pact-spf50-pa-11-5g-23-beige/info.html/pid.1057794856
251,https://www.yesstyle.com/en/chifure-uv-sun-veil-cream-spf-25-pa-50g/info.html/pid.1111813131
252,https://www.yesstyle.com/en/kose-sekkisei-skincare-uv-milk-spf-50-pa-25g-25g/info.html/pid.1105364415
253,https://www.yesstyle.com/en/elizavecca-milky-piggy-sun-great-block-stick-22g/info.html/pid.1076325513
254,https://www.yesstyle.com/en/candydoll-bright-pure-cream-mint-spf-50-pa-80g/info.html/pid.1112933683
255,https://www.yesstyle.com/en/the-face-shop-natural-sun-eco-no-shine-sun-powder-50ml/info.html/pid.1089911670
256,https://www.yesstyle.com/en/goodal-green-tangerine-vita-c-dark-spot-care-sun-serum-40ml/info.html/pid.1112593868
257,https://www.yesstyle.com/en/elroel-pang-pang-big-sun-uv-shield-25g/info.html/pid.1106358978
258,https://www.yesstyle.com/en/dr-ceuracle-cica-regen-vegan-sun-50ml/info.html/pid.1103148240
259,https://www.yesstyle.com/en/su-m37-sun-away-multi-effect-sun-block-ad/info.html/pid.1053963653
260,https://www.yesstyle.com/en/rohto-mentholatum-skin-aqua-uv-moisture-gel-spf-35-pa-110g/info.html/pid.1088081517
261,https://www.yesstyle.com/en/dariya-hiyo-coat-sunblock-milk-gel-spf-35-pa-50g-50g/info.html/pid.1058445213
262,https://www.yesstyle.com/en/wakemake-vegn-clean-tone-up-suncream-50ml/info.html/pid.1112692084
263,https://www.yesstyle.com/en/labiotte-uv-veil-cooling-sun-fluid-50ml/info.html/pid.1074422960
264,https://www.yesstyle.com/en/dewytree-urban-shade-moisture-repair-sun-special-set-1-set/info.html/pid.1111349082
265,https://www.yesstyle.com/en/skinfood-all-day-berry-sun-3-types-03-so-waterful/info.html/pid.1093563315
266,https://www.yesstyle.com/en/meishoku-brilliant-colors-repair-balance-skin-care-uv-base-spf-49/info.html/pid.1090792468
267,https://www.yesstyle.com/en/cute-press-uv-expert-protection-perfect-light-spf-50-pa-30g/info.html/pid.1087017944
268,https://www.yesstyle.com/en/kao-biore-uv-aqua-rich-light-up-essence-spf-50-pa-70g/info.html/pid.1099372068
269,https://www.yesstyle.com/en/canmake-mermaid-skin-gel-uv-spf-50-pa-3-types/info.html/pid.1074396105
270,https://www.yesstyle.com/en/pyunkang-yul-ato-mild-sun-cream-75ml-spf50-pa/info.html/pid.1110515754
271,https://www.yesstyle.com/en/kose-suncut-uv-perfect-gel-super-water-proof-spf-50-pa-sakura-edition/info.html/pid.1089312147
272,https://www.yesstyle.com/en/sunao-uv-protect-cream-spf-32-pa-30g/info.html/pid.1103954835
273,https://www.yesstyle.com/en/the-history-of-whoo-cheongidan-radiant-regenerating-uv-protection/info.html/pid.1104706381
274,https://www.yesstyle.com/en/shiseido-anessa-perfect-uv-sunscreen-skincare-milk-n-spf-50-pa-marvel/info.html/pid.1112637876
275,https://www.yesstyle.com/en/kose-maihada-clear-skin-day-anti-burn-gel-spf-50-pa-80g/info.html/pid.1066943253
276,https://www.yesstyle.com/en/skin-lab-hybarrier-fresh-sun-lotion-50ml/info.html/pid.1111518752
277,https://www.yesstyle.com/en/9wishes-sun-moisturizer-50ml/info.html/pid.1064789648
278,https://www.yesstyle.com/en/cremorlab-uv-protection-ideal-base-shield-50ml/info.html/pid.1088320152
279,https://www.yesstyle.com/en/dr-g-brightening-up-sun-plus-50ml/info.html/pid.1090391128
280,https://www.yesstyle.com/en/steambase-thermulae-all-day-refreshing-sun-cream-50ml/info.html/pid.1095352095
281,https://www.yesstyle.com/en/nivea-japan-uv-deep-protect-care-essence-spf-50-pa-50g/info.html/pid.1099655490
282,https://www.yesstyle.com/en/neogen-dermalogy-day-light-protection-airy-sunscreen-mini-5ml/info.html/pid.1103394129
283,https://www.yesstyle.com/en/kao-biore-uv-athlizm-sunburn-protect-milk-spf-50-pa-60ml/info.html/pid.1089806696
284,https://www.yesstyle.com/en/skinfood-sun-flower-airy-sun-stick-spf50-pa-20g-20g/info.html/pid.1066064314
285,https://www.yesstyle.com/en/hera-sun-mate-protector-50ml/info.html/pid.1058146846
286,https://www.yesstyle.com/en/scinic-enjoy-all-round-airy-sun-stick-spf50-pa-25g-25g/info.html/pid.1069644188
287,https://www.yesstyle.com/en/isehan-kiss-me-sunkiller-perfect-strong-z-spf-50-pa-30ml/info.html/pid.1065719343
288,https://www.yesstyle.com/en/mamonde-vitamin-sun-cream-50ml/info.html/pid.1111183597
289,https://www.yesstyle.com/en/scinic-enjoy-super-mild-sun-essence-50ml/info.html/pid.1091552237
290,https://www.yesstyle.com/en/etude-soon-jung-directors-moisture-sun-cream-50ml/info.html/pid.1112366656
291,https://www.yesstyle.com/en/innisfree-no-sebum-sun-cushion-14g/info.html/pid.1104562758
292,https://www.yesstyle.com/en/kao-biore-uv-barrier-me-mineral-gentle-milk-spf-50-pa-50ml/info.html/pid.1099474927
293,https://www.yesstyle.com/en/daycell-medi-lab-black-rose-blossom-daily-sun-spf50-pa-60g-60g/info.html/pid.1063638710
294,https://www.yesstyle.com/en/macqueen-daily-sun-cream-matt-finish-spf50-pa-50g-50g/info.html/pid.1068494547
295,https://www.yesstyle.com/en/rohto-mentholatum-skin-aqua-uv-super-moisture-gel-gold-spf-50-pa-110g/info.html/pid.1088081507
296,https://www.yesstyle.com/en/the-face-shop-natural-sun-eco-no-shine-sun-primer-50ml/info.html/pid.1089911668
297,https://www.yesstyle.com/en/bellflower-avocado-moisture-sunscreen-50ml/info.html/pid.1103441971
298,https://www.yesstyle.com/en/mary-may-cica-soothing-sun-cream-50ml/info.html/pid.1112836133
299,https://www.yesstyle.com/en/cute-press-uv-expert-protection-advance-anti-aging-sunscreen-spf-50/info.html/pid.1112228755
300,https://www.yesstyle.com/en/skin-lane-sunny-more-uv-sunscreen-silky-essence-spf-50-pa-50ml/info.html/pid.1103954834
301,https://www.yesstyle.com/en/iwlt-protecting-natural-shine-tone-up-sun-cushion-refill-only-25g/info.html/pid.1086392836
302,https://www.yesstyle.com/en/shiro-no-sakura-sun-crush-uv-essence-spf-50-pa-60g/info.html/pid.1102372856
303,https://www.yesstyle.com/en/innisfree-intensive-triple-shield-sunscreen-mini-10ml/info.html/pid.1104183616
304,https://www.yesstyle.com/en/enough-project-sunscreen-50ml/info.html/pid.1104234680
305,https://www.yesstyle.com/en/kao-biore-uv-aqua-rich-aqua-protect-lotion-spf-50-pa-70ml/info.html/pid.1111480109
306,https://www.yesstyle.com/en/troiareuke-acsen-uv-protector-essence-spf50-pa-50ml-50ml/info.html/pid.1059907466
307,https://www.yesstyle.com/en/rohto-mentholatum-skin-aqua-tone-up-uv-milk-spf-50-pa-40ml/info.html/pid.1088081508
308,https://www.yesstyle.com/en/elroel-pang-pang-yellow-big-sun-cushion-25g/info.html/pid.1112707690
309,https://www.yesstyle.com/en/the-saem-eco-soul-uv-sun-pact-spf50-pa-2-colors-23-natural-beige/info.html/pid.1060607201
310,https://www.yesstyle.com/en/angfa-naturable-uv-protect-recipe-cream-spf-50-pa-30g/info.html/pid.1102728767
311,https://www.yesstyle.com/en/farm-stay-daily-uv-protect-sun-stick-16g/info.html/pid.1106386762
312,https://www.yesstyle.com/en/o-hui-day-shield-perfect-sun-stick-30g/info.html/pid.1066981493
313,https://www.yesstyle.com/en/kose-sekkisei-skincare-uv-milk-spf-50-pa-60g-60g/info.html/pid.1105364414
314,https://www.yesstyle.com/en/beauty-by-earth-natural-mineral-body-sunscreen-spf-25-reef-safe-118ml/info.html/pid.1102376527
315,https://www.yesstyle.com/en/sana-soy-milk-wrinkle-cover-uv-milk-spf-43-pa-50g/info.html/pid.1107539119
316,https://www.yesstyle.com/en/omi-sun-bears-mild-gel-spf-35-pa-30g/info.html/pid.1057996883
317,https://www.yesstyle.com/en/neulii-derma-ectocica-tone-up-sun-cream-50ml/info.html/pid.1106943510
318,https://www.yesstyle.com/en/kao-biore-uv-aqua-rich-watery-essence-spf-50-pa-2019-edition-50g/info.html/pid.1071931173
319,https://www.yesstyle.com/en/mama-butter-uv-barrier-moist-cream-aroma-in-spf-27-pa-45g/info.html/pid.1102909113
320,https://www.yesstyle.com/en/nivea-japan-uv-super-water-gel-spf-50-pa-80g-80g/info.html/pid.1099798061
321,https://www.yesstyle.com/en/nivea-sun-protect-light-feel-sun-protection-gel-spf-50-pa-40ml/info.html/pid.1091636317
322,https://www.yesstyle.com/en/kao-biore-uv-athlizm-skin-protect-essence-spf-50-pa-70g-70g/info.html/pid.1071367605
323,https://www.yesstyle.com/en/cosnori-panthenol-barrier-sun-cream-50ml/info.html/pid.1107141897
324,https://www.yesstyle.com/en/unicat-perfect-uv-sun-cream-spf-50-pa-50ml/info.html/pid.1094078891
325,https://www.yesstyle.com/en/shiseido-anessa-perfect-uv-sunscreen-skincare-gel-n-spf-50-pa-2022/info.html/pid.1111164230
326,https://www.yesstyle.com/en/takami-sunscreen-milk-uv-protect-spf-35-pa-30ml/info.html/pid.1102512238
327,https://www.yesstyle.com/en/medi-peel-derman-maison-cell-repair-whitening-sun-block-50g/info.html/pid.1085657474
328,https://www.yesstyle.com/en/the-saem-eco-earth-airy-tone-up-sun-serum-35g/info.html/pid.1107335214
329,https://www.yesstyle.com/en/rohto-mentholatum-50-megumi-anti-uv-cream-spf-50-pa-90g/info.html/pid.1074479338
330,https://www.yesstyle.com/en/virtue-mamaline-uv-milk-spf-30-pa-190g/info.html/pid.1110509605
331,https://www.yesstyle.com/en/dr-g-green-mild-up-sun-plus-50ml/info.html/pid.1066131843
332,https://www.yesstyle.com/en/tamaris-sortir-uv-care-milk-spf-16-pf-80g/info.html/pid.1092572028
333,https://www.yesstyle.com/en/kao-curel-uv-protection-essence-spf-30-pa-50g/info.html/pid.1057852281
334,https://www.yesstyle.com/en/omi-uv-protect-tone-up-essence-spf-50-pa-80g/info.html/pid.1099585212
335,https://www.yesstyle.com/en/kose-suncut-prodefense-uv-sunscreen-milk-spf-50-pa-60ml-3-types-non/info.html/pid.1100031677
336,https://www.yesstyle.com/en/iope-uv-shield-essential-tone-up-sun-50ml/info.html/pid.1104648902
337,https://www.yesstyle.com/en/the-saem-eco-earth-pink-sun-cream-special-set-2022-narae-days-edition/info.html/pid.1110716888
338,https://www.yesstyle.com/en/the-history-of-whoo-gongjinhyang-jin-hae-yoon-sun-cream-spf-50-pa/info.html/pid.1046285204
339,https://www.yesstyle.com/en/bellamonster-derma-solution-mild-sun-cream-40ml/info.html/pid.1104092812
340,https://www.yesstyle.com/en/skinfood-aloe-watery-sun-waterproof-spf50-pa-50ml-50ml/info.html/pid.1050573844
341,https://www.yesstyle.com/en/im-meme-super-light-oil-cut-sun-base-40ml/info.html/pid.1094405163
342,https://www.yesstyle.com/en/kao-curel-intensive-moisture-care-uv-protection-facial-cream-spf-30/info.html/pid.1057852238
343,https://www.yesstyle.com/en/dr-ceuracle-hyal-reyouth-moist-sun-50ml/info.html/pid.1111248147
344,https://www.yesstyle.com/en/daymellow-amazon-belief-protection-andirova-sunblock-set-20ml-x-4/info.html/pid.1088638743
345,https://www.yesstyle.com/en/skin-lab-hybarrier-fresh-sun-lotion-mini-10ml/info.html/pid.1111518753
346,https://www.yesstyle.com/en/axxzia-beauty-force-uv-a-sunscreen-spf-50-pa-40g/info.html/pid.1111196158
347,https://www.yesstyle.com/en/innisfree-no-sebum-sun-cushion-refill-only-14g/info.html/pid.1104562757
348,https://www.yesstyle.com/en/apieu-super-air-fit-mild-sunscreen-hydrating-50ml/info.html/pid.1094981352
349,https://www.yesstyle.com/en/badskin-ssuk-bomb-calming-sun-cream-40g/info.html/pid.1106209228
350,https://www.yesstyle.com/en/sana-zubo-labo-holiday-emulsion-uv-spf-28-pa-60g/info.html/pid.1069644316
351,https://www.yesstyle.com/en/white-formula-cpaqua-cool-fresh-uv-protective-lotion-with-hyaluronic/info.html/pid.1104239186
352,https://www.yesstyle.com/en/neogen-surmedic-super-ceramide-100tm-protection-perfect-sun-stick/info.html/pid.1094089999
353,https://www.yesstyle.com/en/orbis-uv-cut-sunscreen-freence-spf-30-pa-50ml/info.html/pid.1059779741
354,https://www.yesstyle.com/en/the-face-shop-power-long-lasting-pink-tone-up-sun-cream-50ml/info.html/pid.1074998498
355,https://www.yesstyle.com/en/kose-sekkisei-skincare-uv-gel-spf-50-pa-90g-90g/info.html/pid.1105364416
356,https://www.yesstyle.com/en/shiseido-anessa-perfect-uv-sunscreen-skincare-bb-foundation-spf-50/info.html/pid.1099445323
357,https://www.yesstyle.com/en/the-face-shop-natural-sun-eco-super-active-sun-cream-50ml/info.html/pid.1089911658
358,https://www.yesstyle.com/en/the-face-shop-power-long-lasting-sun-cream-jumbo-80ml/info.html/pid.1109214958
359,https://www.yesstyle.com/en/nivea-japan-uv-super-water-gel-spf-50-pa-refill-125g/info.html/pid.1104194780
360,https://www.yesstyle.com/en/chifure-sunscreen-milk-spf-50-pa-30ml/info.html/pid.1100268335
361,https://www.yesstyle.com/en/atopalm-mellomood-peach-tone-up-sun-cream-50ml/info.html/pid.1104105761
362,https://www.yesstyle.com/en/maxclinic-catrin-natural-100-sunkill-rx-spf46-pa-12g-12g/info.html/pid.1055581849
363,https://www.yesstyle.com/en/aery-jo-ultra-mild-sunblock-50ml/info.html/pid.1075397153
364,https://www.yesstyle.com/en/cosnori-panthenol-barrier-sun-cream-mini-10ml/info.html/pid.1107141898
365,https://www.yesstyle.com/en/medi-peel-vitamin-dr-essence-sun-cream-50ml/info.html/pid.1104869276
366,https://www.yesstyle.com/en/vt-super-hyalon-sun-block-50ml/info.html/pid.1095653988
367,https://www.yesstyle.com/en/muji-sunscreen-citrus-herb-spf-30-pa-30ml/info.html/pid.1106813981
368,https://www.yesstyle.com/en/j-pallet-manis-white-hand-body-cream-spf-31-pa-80g-2-types-rose/info.html/pid.1098905462
369,https://www.yesstyle.com/en/shiseido-anessa-perfect-uv-sunscreen-skincare-milk-n-spf-50-pa-marvel/info.html/pid.1112637884
370,https://www.yesstyle.com/en/goodal-houttuynia-cordata-calming-moisture-sun-cream-50ml/info.html/pid.1103936289
371,https://www.yesstyle.com/en/whamisa-organic-flowers-sun-pact-2-types-02-natural-expression/info.html/pid.1099934488
372,https://www.yesstyle.com/en/ipsa-protector-sun-shield-spf-50-pa-30ml/info.html/pid.1092853205
373,https://www.yesstyle.com/en/rafra-uv-milk-spf-50-pa-180g/info.html/pid.1108906134
374,https://www.yesstyle.com/en/dhc-uv-moisture-lip-cream-spf-20-pa-1-5g/info.html/pid.1060815109
375,https://www.yesstyle.com/en/cher-couleur-nage-peau-fine-base-uv-spf-48-pa-30g/info.html/pid.1105282035
376,https://www.yesstyle.com/en/neogen-dermalogy-day-light-protection-airy-sunscreen-50ml/info.html/pid.1100473375
377,https://www.yesstyle.com/en/beaudiani-soothing-tone-up-sunscreen-50ml/info.html/pid.1103720302
378,https://www.yesstyle.com/en/shiseido-white-lucent-brightening-spot-control-base-uv-spf-35-pa-ivory/info.html/pid.1064110403
379,https://www.yesstyle.com/en/sulwhasoo-uv-wise-brightening-multi-protector-2-colors-02-milky-tone/info.html/pid.1088219126
380,https://www.yesstyle.com/en/thank-you-farmer-sun-project-shimmer-sun-essence-spf30-pa-40ml-40ml/info.html/pid.1054921952
381,https://www.yesstyle.com/en/evermere-cosmetics-uv-gel-spf-30-pa-30g/info.html/pid.1068004116
382,https://www.yesstyle.com/en/kose-sekkisei-skincare-uv-gel-spf-50-pa-40g-40g/info.html/pid.1105364418
383,https://www.yesstyle.com/en/eqqualberry-dd-sun-cream-50ml/info.html/pid.1104379596
384,https://www.yesstyle.com/en/dariya-hiyo-coat-sunblock-milk-gel-spf-35-pa-100g-100g/info.html/pid.1059580204
385,https://www.yesstyle.com/en/benton-mineral-sun-cream-50ml/info.html/pid.1094496534
386,https://www.yesstyle.com/en/dewytree-urban-shade-anti-pollution-sun-special-set-1-set/info.html/pid.1111349083
387,https://www.yesstyle.com/en/o-hui-the-first-geniture-sun-base-40ml/info.html/pid.1105963355
388,https://www.yesstyle.com/en/renguangdo-camellia-seed-hydrosmooth-sunscreen-protective-lotion-spf/info.html/pid.1099839314
389,https://www.yesstyle.com/en/alive-lab-centella-relaxing-shield-up-sunscreen-60ml/info.html/pid.1096984762
390,https://www.yesstyle.com/en/country-stream-honey-uv-lip-balm-hm-spf-20-pa-4-5g/info.html/pid.1053600687
391,https://www.yesstyle.com/en/pureforet-centella-cica-sun-cream-50ml/info.html/pid.1105329164
392,https://www.yesstyle.com/en/kanebo-media-uv-gel-spf-50-pa-30g/info.html/pid.1064315646
393,https://www.yesstyle.com/en/colorescience-sunforgettable-brush-on-sunscreen-spf-30-6g-medium/info.html/pid.1095795011
394,https://www.yesstyle.com/en/cle-de-peau-beaute-uv-protective-lip-treatment-spf-30-pa-4g/info.html/pid.1072708016
395,https://www.yesstyle.com/en/paul-joe-sunprotection-body-primer-tinted-spf-30-pa-80g/info.html/pid.1108842816
396,https://www.yesstyle.com/en/kose-suncut-tone-up-uv-mint-green-essence-sunblock-spf-50-pa-80g/info.html/pid.1100031874
397,https://www.yesstyle.com/en/naris-up-parasola-white-brightening-uv-cream-spf-50-pa-30g/info.html/pid.1103749194
398,https://www.yesstyle.com/en/cs12-sun-protect-spf-30-pa-50ml-4-types-96-colour-correct/info.html/pid.1100772177
399,https://www.yesstyle.com/en/benton-mineral-sun-stick-15g/info.html/pid.1094496531
400,https://www.yesstyle.com/en/your-brand-foremast-ready-to-roll-sun-powder-8g/info.html/pid.1098919248
401,https://www.yesstyle.com/en/isntree-hyaluronic-acid-natural-sun-cream-50ml/info.html/pid.1106272316
402,https://www.yesstyle.com/en/loveisderma-uv-protecton-spf-50-pa-50g-2-types-parent/info.html/pid.1083555656
403,https://www.yesstyle.com/en/kanebo-allie-beauty-color-tuning-uv-spf-50-pa-40g-3-types-03-sherra/info.html/pid.1110928804
404,https://www.yesstyle.com/en/bellflower-watermelon-fresh-sunscreen-50ml/info.html/pid.1091839037
405,https://www.yesstyle.com/en/dr-jart-every-sun-day-waterproof-sun-milk-30ml/info.html/pid.1104896171
406,https://www.yesstyle.com/en/the-skin-house-uv-protection-sun-block-50ml/info.html/pid.1086547124
407,https://www.yesstyle.com/en/missha-all-around-safe-block-soft-finish-sun-milk-spf50-pa-70ml-2017/info.html/pid.1048876057
408,https://www.yesstyle.com/en/honesi-water-fit-sun-gel-50ml/info.html/pid.1104961345
409,https://www.yesstyle.com/en/dr-soie-amaranth-app-c-uv-spf-50-pa-30g/info.html/pid.1101684208
410,https://www.yesstyle.com/en/hera-sun-mate-protector-mini-40ml/info.html/pid.1110992001
411,https://www.yesstyle.com/en/im-meme-pink-blur-tone-up-sun-base-40ml/info.html/pid.1104452283
412,https://www.yesstyle.com/en/benton-skin-fit-mineral-sun-cream-50ml/info.html/pid.1104802160
413,https://www.yesstyle.com/en/immuno-advanced-day-emulsion-uv-spf-17-pa-30g/info.html/pid.1112543876
414,https://www.yesstyle.com/en/matsuyama-m-mark-amino-acid-sunscreen-emulsion-refill-spf-20-pa-60ml/info.html/pid.1102909180
415,https://www.yesstyle.com/en/the-history-of-whoo-gongjinhyang-seol-radiant-white-toneup-sunscreen/info.html/pid.1107536213
416,https://www.yesstyle.com/en/kao-biore-uv-athlizm-skin-protect-essence-spf-50-pa-105g-105g/info.html/pid.1103505276
417,https://www.yesstyle.com/en/the-skin-house-uv-protection-sun-block-tea-tree-50ml/info.html/pid.1103693850
418,https://www.yesstyle.com/en/innisfree-intensive-anti-pollution-sunscreen-50ml/info.html/pid.1066064158
419,https://www.yesstyle.com/en/kokuryudo-privacy-uv-mist-spf-50-pa-40ml/info.html/pid.1100430637
420,https://www.yesstyle.com/en/apieu-pure-block-tone-up-sun-base-spf50-pa-50ml-50ml/info.html/pid.1054075390
421,https://www.yesstyle.com/en/jigott-aloe-sun-protect-bb-cream-spf-41-pa-50ml/info.html/pid.1060114186
422,https://www.yesstyle.com/en/scinic-enjoy-all-round-airy-sun-cushion-ex-25g/info.html/pid.1091552232
423,https://www.yesstyle.com/en/paul-joe-body-primer-super-uv-spf-50-pa-50ml/info.html/pid.1108842818
424,https://www.yesstyle.com/en/skinique-daily-uv-protect-spf-30-pa-30ml/info.html/pid.1091992390
425,https://www.yesstyle.com/en/bring-green-tea-tree-tone-up-sun-cushion-15g/info.html/pid.1106079975
426,https://www.yesstyle.com/en/missha-all-around-safe-block-waterproof-sun-milk-spf50-pa-70ml-2017/info.html/pid.1048876014
427,https://www.yesstyle.com/en/colorescience-sunforgettable-total-protection-face-shield-spf-50-55ml/info.html/pid.1095795012
428,https://www.yesstyle.com/en/isntree-hyaluronic-acid-airy-sun-stick-22g/info.html/pid.1094424963
429,https://www.yesstyle.com/en/reyena16-daily-uv-defense-sun-milk-50ml/info.html/pid.1112141029
430,https://www.yesstyle.com/en/rohto-mentholatum-skin-aqua-uv-super-moisture-essence-gold-spf-50/info.html/pid.1099511140
431,https://www.yesstyle.com/en/dr-select-uv-gel-ceam-spf-30-pa-30g/info.html/pid.1099538035
432,https://www.yesstyle.com/en/the-saem-eco-earth-mild-sun-cream-50g/info.html/pid.1092891701
433,https://www.yesstyle.com/en/rohto-mentholatum-water-lip-balm-spf-20-pa-4-5g-4-types-milky-pink/info.html/pid.1077956490
434,https://www.yesstyle.com/en/kahi-aqua-balm-9g/info.html/pid.1103665794
435,https://www.yesstyle.com/en/dr-oracle-epl-daily-sun-block-spf50-pa-50ml/info.html/pid.1066424790
436,https://www.yesstyle.com/en/kanebo-global-skin-protector-spf-50-pa-60g/info.html/pid.1100234676
437,https://www.yesstyle.com/en/omi-sun-bears-active-protect-milk-type-30g/info.html/pid.1112540945
438,https://www.yesstyle.com/en/graymelin-sun-block-uv-shield-50ml/info.html/pid.1098293543
439,https://www.yesstyle.com/en/sofnon-tsaio-ocean-friendly-hydrating-sunscreen-spf-50-50ml/info.html/pid.1098404417
440,https://www.yesstyle.com/en/pestlo-saferecipe-sun-essence-50ml/info.html/pid.1099289649
441,https://www.yesstyle.com/en/cosrx-sunny-snail-tone-up-cream-50ml/info.html/pid.1092409055
442,https://www.yesstyle.com/en/make-p-rem-uv-defense-me-calming-sun-cream-50ml/info.html/pid.1102106887
443,https://www.yesstyle.com/en/benton-air-fit-uv-defense-sun-cream-50ml/info.html/pid.1104802161
444,https://www.yesstyle.com/en/gr-inc-kj-style-cc-bikyaku-white-cream-spf-33-pa-80g/info.html/pid.1068527995
445,https://www.yesstyle.com/en/moonyu-uv-protect-milk-spf-28-pa-30ml/info.html/pid.1062454502
446,https://www.yesstyle.com/en/tonymoly-uv-master-all-in-one-sun-50ml/info.html/pid.1075257335
447,https://www.yesstyle.com/en/orbis-wrinkle-white-uv-protector-spf50-pa-50g/info.html/pid.1105393497
448,https://www.yesstyle.com/en/romand-zero-sun-clean-2-types-02-tone-up/info.html/pid.1103778019
449,https://www.yesstyle.com/en/isehan-kiss-me-sunkiller-perfect-water-essence-spf-50-pa-50g/info.html/pid.1049554483
450,https://www.yesstyle.com/en/xoul-uv-mild-suncream-35ml/info.html/pid.1106167745
451,https://www.yesstyle.com/en/the-history-of-whoo-gongjinhyang-seol-radiant-white-tone-up-sun-cushion/info.html/pid.1106363349
452,https://www.yesstyle.com/en/swanicoco-daily-soft-sun-milk-50ml/info.html/pid.1100306890
453,https://www.yesstyle.com/en/kose-decorte-sun-shelter-multi-protection-water-resistant-spf-50-pa/info.html/pid.1109009258
454,https://www.yesstyle.com/en/acseine-super-sunshield-ex-spf-50-pa-22g/info.html/pid.1063578235
455,https://www.yesstyle.com/en/the-face-shop-power-long-lasting-sun-cream-50ml/info.html/pid.1074017542
456,https://www.yesstyle.com/en/shiseido-anessa-perfect-uv-sunscreen-skincare-milk-a-spf-50-pa-pokemon/info.html/pid.1100575822
457,https://www.yesstyle.com/en/omi-menturm-sun-bears-aloe-vera-after-sun-care-cooling-gel-200g/info.html/pid.1057996834
458,https://www.yesstyle.com/en/neogen-surmedic-azulene-mild-5-5-uv-protect-sun-50ml/info.html/pid.1092052817
459,https://www.yesstyle.com/en/sunki-365-days-physical-sunscreen-cream-spf-50-pa-50ml/info.html/pid.1064627442
460,https://www.yesstyle.com/en/kao-curel-bb-milk-spf-24-pa-30ml-2-types/info.html/pid.1077182720
461,https://www.yesstyle.com/en/rohto-mentholatum-skin-aqua-uv-super-moisture-milk-spf-50-pa-40ml/info.html/pid.1088081510
462,https://www.yesstyle.com/en/isehan-free-medicated-brightening-uv-protection-cream-spf-50-pa-30g/info.html/pid.1110509613
463,https://www.yesstyle.com/en/isntree-hyaluronic-acid-watery-sun-gel-50ml/info.html/pid.1094424964
464,https://www.yesstyle.com/en/real-barrier-mild-sun-cream-40ml/info.html/pid.1102737946
465,https://www.yesstyle.com/en/hanyul-white-chrysanthemum-tone-up-cream-renewal-50ml/info.html/pid.1060303978
466,https://www.yesstyle.com/en/skin-lab-barrierderm-think-family-sunscreen-70ml/info.html/pid.1112666074
467,https://www.yesstyle.com/en/scinic-enjoy-super-active-airy-sun-stick-15g/info.html/pid.1069644193
468,https://www.yesstyle.com/en/kao-biore-uv-athlizm-skin-protect-essence-spf-50-pa-70g-70g/info.html/pid.1112141716
469,https://www.yesstyle.com/en/muji-sunscreen-mist-spf-30-pa-50ml/info.html/pid.1096675541
470,https://www.yesstyle.com/en/maxclinic-catrin-natural-100-derma-sunkill-mineral-cushion-4g/info.html/pid.1090131258
471,https://www.yesstyle.com/en/orbis-lip-sunscreen-uv-cut-spf-22-pa-1-pc/info.html/pid.1059779739
472,https://www.yesstyle.com/en/cosme-station-kumano-horse-oil-uv-milk-lotion-spf-30-pa-250ml/info.html/pid.1062768285
473,https://www.yesstyle.com/en/kose-sekkisei-clear-wellness-uv-defense-milk-mild-spf-50-pa-50ml/info.html/pid.1105633004
474,https://www.yesstyle.com/en/evercell-luxe-sun-protector-30ml/info.html/pid.1104367738
475,https://www.yesstyle.com/en/muji-sunscreen-milk-spf-30-pa-150ml/info.html/pid.1096675538
476,https://www.yesstyle.com/en/elroel-pang-pang-big-sun-cusion-s6-25g/info.html/pid.1112707688
477,https://www.yesstyle.com/en/pola-whitissimo-uv-milk-50g/info.html/pid.1076178356
478,https://www.yesstyle.com/en/daycell-dr-vita-vitamin-sun-cream-spf50-pa-50g-50g/info.html/pid.1057699897
479,https://www.yesstyle.com/en/face-republic-purity-sun-essence-50ml/info.html/pid.1105275327
480,https://www.yesstyle.com/en/heme-whitening-moisturizing-high-uv-protect-gel-spf-50-pa-40ml/info.html/pid.1087790970
481,https://www.yesstyle.com/en/rovectin-skin-essentials-double-tone-up-uv-protector-50ml/info.html/pid.1067313195
482,https://www.yesstyle.com/en/acseine-uv-protection-ac-25ml/info.html/pid.1063578220
483,https://www.yesstyle.com/en/kose-suncut-tone-up-uv-pink-flamingo-essence-sunblock-spf-50-pa-80g/info.html/pid.1111794015
484,https://www.yesstyle.com/en/covermark-realfinish-brightening-lip-essence-uv-spf-15-pa-3-types/info.html/pid.1076161811
485,https://www.yesstyle.com/en/etude-uv-double-cut-aqua-sun-essence-50ml/info.html/pid.1104522694
486,https://www.yesstyle.com/en/sofnon-tsaio-ocean-friendly-cooling-relief-sunscreen-spf-50-50ml/info.html/pid.1104182700
487,https://www.yesstyle.com/en/huxley-tone-up-cream-stay-sun-safe-spf50-pa-35ml-35ml/info.html/pid.1065514321
488,https://www.yesstyle.com/en/kahi-wrinkle-bounce-essential-suncream-new-50ml/info.html/pid.1096379895
489,https://www.yesstyle.com/en/pezri-uv-protection-sun-cream-spf-50-pa-30ml/info.html/pid.1103897801
490,https://www.yesstyle.com/en/aromatica-kakadu-youth-glow-vita-tone-up-sun-serum-60ml/info.html/pid.1108469313
491,https://www.yesstyle.com/en/chifure-sunscreen-gel-spf-38-pa-80ml/info.html/pid.1100268340
492,https://www.yesstyle.com/en/bb-laboratories-glow-shield-uv-base-spf-50-pa-30g/info.html/pid.1090222463
493,https://www.yesstyle.com/en/klavuu-vegan-zinc-suncream-50ml/info.html/pid.1112455828
494,https://www.yesstyle.com/en/karadium-snail-repair-sun-cream-spf50-pa-70ml-70ml/info.html/pid.1057795167
495,https://www.yesstyle.com/en/the-face-shop-dr-belmeur-uv-derma-mineral-sun-stick-20g/info.html/pid.1072950189
496,https://www.yesstyle.com/en/xaiel-fine-sun-cc-50ml/info.html/pid.1108587233
497,https://www.yesstyle.com/en/astalift-d-uv-clear-white-solution-spf-50-pa-30g/info.html/pid.1073959214
498,https://www.yesstyle.com/en/aromatica-soothing-aloe-mineral-sunscreen-50g/info.html/pid.1073205993
499,https://www.yesstyle.com/en/thank-you-farmer-sun-project-water-sun-cream-spf50-pa-50ml-50ml/info.html/pid.1054921946
500,https://www.yesstyle.com/en/missha-all-around-safe-block-essence-sun-spf45-pa-50ml-2017-new-all/info.html/pid.1048875972
501,https://www.yesstyle.com/en/shiseido-anessa-sun-dual-care-day-serum-spf-50-pa-2022-edition-30ml/info.html/pid.1111164231
502,https://www.yesstyle.com/en/dhc-white-sunscreen-spf-35-pa-30ml/info.html/pid.1107577123
503,https://www.yesstyle.com/en/apieu-pure-block-natural-daily-sun-cream-spf45-pa-100ml-100ml/info.html/pid.1068351701
504,https://www.yesstyle.com/en/sana-maikohan-uv-gel-spf-50-pa-60g-2-types-02-pure-white/info.html/pid.1103522186
505,https://www.yesstyle.com/en/make-p-rem-uv-defense-me-calming-sun-stick-20g/info.html/pid.1102106890
506,https://www.yesstyle.com/en/village-11-factory-cica-sun-lotion-80ml/info.html/pid.1089757509
507,https://www.yesstyle.com/en/elizavecca-milky-piggy-sun-cream-spf50-pa-50ml/info.html/pid.1050282200
508,https://www.yesstyle.com/en/zymogen-long-lasting-power-sun-cream-spf50-pa-60ml-60ml/info.html/pid.1061161424
509,https://www.yesstyle.com/en/vt-bundle-sorn-signature-box-essence-sun-pact/info.html/pid.1106101957
510,https://www.yesstyle.com/en/missha-all-around-safe-block-essence-sun-milk-spf50-pa-70ml-2017-new/info.html/pid.1048876037
511,https://www.yesstyle.com/en/kanebo-allie-milk-uv-ex-spf-50-pa-60ml/info.html/pid.1110928807
512,https://www.yesstyle.com/en/logically-skin-hydro-multi-shield-sun-essence-40ml/info.html/pid.1103290643
513,https://www.yesstyle.com/en/the-face-shop-dr-belmeur-uv-derma-mineral-sun-cream-50ml/info.html/pid.1072950194
514,https://www.yesstyle.com/en/swanicoco-all-day-care-sun-gel-150ml/info.html/pid.1105132048
515,https://www.yesstyle.com/en/rohto-mentholatum-skin-aqua-uv-super-moisture-essence-spf-50-pa-80g/info.html/pid.1088081506
516,https://www.yesstyle.com/en/iope-uv-shield-essential-sun-protector-50ml/info.html/pid.1105085512
517,https://www.yesstyle.com/en/hyggee-vegan-sun-cream-50ml/info.html/pid.1102433441
518,https://www.yesstyle.com/en/skinfood-sun-flower-no-sebum-sun-gel-spf50-pa-50ml-50ml/info.html/pid.1066064316
519,https://www.yesstyle.com/en/logically-skin-professional-sun-block-70g/info.html/pid.1103290645
520,https://www.yesstyle.com/en/simplyo-double-blocking-sun-cream-50ml/info.html/pid.1103560650
521,https://www.yesstyle.com/en/lessential-d5-brightening-sunscreen-50ml/info.html/pid.1107118162
522,https://www.yesstyle.com/en/pola-whitissimo-uv-block-milky-fluid-spf-30-pa-50g/info.html/pid.1076178366
523,https://www.yesstyle.com/en/self-beauty-airlasting-probiotics-worry-free-sunscreen-50ml/info.html/pid.1097826312
524,https://www.yesstyle.com/en/cute-press-uv-expert-protection-whitening-anti-aging-sunscreen-spf/info.html/pid.1112228757
525,https://www.yesstyle.com/en/celepiderme-uv-green-protection-sun-cream-50g/info.html/pid.1102252761
526,https://www.yesstyle.com/en/shiseido-white-lucent-day-emulsion-spf-50-pa-50ml/info.html/pid.1072428164
527,https://www.yesstyle.com/en/kose-decorte-sun-shelter-multi-protection-sunscreen-spf-50-pa-60g/info.html/pid.1106905065
528,https://www.yesstyle.com/en/cosnori-mild-tone-up-sun-cream-50ml/info.html/pid.1107141896
529,https://www.yesstyle.com/en/isehan-kiss-me-mommy-uv-mild-gel-spf-33-pa-100g/info.html/pid.1065946155
530,https://www.yesstyle.com/en/eunyul-daily-care-fresh-sunscreen-pump-version-300ml/info.html/pid.1094541189
531,https://www.yesstyle.com/en/xaiel-fine-sun-cc-cushion-14g/info.html/pid.1108587232
532,https://www.yesstyle.com/en/village-11-factory-daily-mild-sun-cream-50ml/info.html/pid.1065411912
533,https://www.yesstyle.com/en/the-face-shop-natural-sun-eco-super-perfect-sun-cream-ex-45ml/info.html/pid.1092951619
534,https://www.yesstyle.com/en/dr-ci-labo-labo-labo-keana-cover-uv-spf-35-pa-20g/info.html/pid.1088307604
535,https://www.yesstyle.com/en/rohto-mentholatum-skin-aqua-tone-up-uv-essence-spf-50-pa-80g-4-types/info.html/pid.1077952143
536,https://www.yesstyle.com/en/the-plant-base-dailiben-innocent-sun-cream-spf50-pa-40ml-40ml/info.html/pid.1069681454
537,https://www.yesstyle.com/en/care-nel-no-sebum-perfect-uv-shield-spf-50-pa-50ml-50ml/info.html/pid.1067423384
538,https://www.yesstyle.com/en/dermatory-pro-hyal-shot-tone-up-sun-cream-50ml/info.html/pid.1112593122
539,https://www.yesstyle.com/en/frudia-green-grape-serum-control-sun-gel-50g/info.html/pid.1112033149
540,https://www.yesstyle.com/en/kose-sekkisei-white-uv-emulsion-spf-50-pa-35ml/info.html/pid.1058009775
541,https://www.yesstyle.com/en/abib-mild-sunblock-protection-tube-50ml/info.html/pid.1076585440
542,https://www.yesstyle.com/en/donginbi-red-ginseng-perfect-sun-cream-spf50-pa-50ml-50ml/info.html/pid.1070445168
543,https://www.yesstyle.com/en/pony-effect-prime-protect-sun-cover-2-colors-002-beige/info.html/pid.1077701949
